lambda,objectiveScore,accuracy
0.000001,14.632562,77.600000
0.000001,5.987513,77.600000
