lambda,objectiveScore,accuracy
0.000001,3.726480,78.800000
0.000001,16.914954,72.800000
