mu,empError,accuracy
0.001000,0.490690,0.430000
0.100000,0.500345,0.390000
10.000000,0.496207,0.420000
1000.000000,0.465517,0.520000
