mu,empError,accuracy
0.001000,0.653448,0.380000
0.100000,0.106207,0.790000
10.000000,0.106897,0.770000
1000.000000,0.295517,0.670000
0.100000,0.170222,0.838000
