mu,empError,accuracy
0.001000,0.481778,0.532000
0.100000,0.384889,0.576000
10.000000,0.253333,0.752000
1000.000000,0.441556,0.604000
10.000000,0.246857,0.788000
