mu,empError,accuracy
0.001000,0.484444,0.496000
0.100000,0.444889,0.614000
10.000000,0.310222,0.742000
1000.000000,0.429333,0.564000
10.000000,0.309714,0.748000
