mu,sigma,empError,accuracy
1.000000,1.000000,0.403556,0.594000
