mu,empError,accuracy
0.001000,0.497556,0.500000
0.100000,0.510667,0.504000
10.000000,0.525333,0.446000
1000.000000,0.494667,0.502000
0.100000,0.505714,0.516000
