mu,empError,accuracy
0.001000,0.489556,0.494000
0.100000,0.350444,0.652000
10.000000,0.207778,0.786000
1000.000000,0.214222,0.806000
1000.000000,0.247429,0.752000
