mu,empError,accuracy
0.001000,0.483111,0.520000
0.100000,0.260889,0.794000
10.000000,0.162000,0.864000
1000.000000,0.298889,0.632000
10.000000,0.181143,0.768000
