mu,empError,accuracy
0.001000,0.523103,0.490000
0.100000,0.191034,0.720000
10.000000,0.185172,0.720000
1000.000000,0.219655,0.720000
0.100000,0.224667,0.784000
