mu,empError,accuracy
0.001000,0.491111,0.418000
0.100000,0.383556,0.544000
10.000000,0.206889,0.756000
1000.000000,0.416667,0.570000
10.000000,0.182286,0.724000
