mu,empError,accuracy
0.001000,0.500000,0.488000
0.100000,0.419333,0.636000
10.000000,0.332667,0.708000
1000.000000,0.486444,0.540000
10.000000,0.336286,0.644000
