mu,empError,accuracy
10.000000,0.393333,0.592000
