mu,empError,accuracy
0.001000,0.608276,0.650000
0.100000,0.140690,0.630000
10.000000,0.117586,0.750000
1000.000000,0.168276,0.620000
10.000000,0.151333,0.844000
