mu,empError,accuracy
0.001000,0.478000,0.580000
0.100000,0.494889,0.542000
10.000000,0.316000,0.702000
1000.000000,0.429111,0.516000
10.000000,0.326000,0.540000
