mu,empError,accuracy
0.001000,0.482667,0.484000
0.100000,0.511333,0.516000
10.000000,0.478222,0.498000
1000.000000,0.495111,0.524000
1000.000000,0.470571,0.512000
