mu,empError,accuracy
0.001000,0.485111,0.558000
0.100000,0.420889,0.628000
10.000000,0.253333,0.770000
1000.000000,0.298667,0.688000
10.000000,0.241429,0.764000
