mu,empError,accuracy
0.001000,0.437333,0.536000
0.100000,0.398000,0.588000
10.000000,0.273333,0.698000
1000.000000,0.445111,0.566000
10.000000,0.265143,0.608000
