mu,empError,accuracy
0.001000,0.538444,0.498000
0.100000,0.361556,0.644000
10.000000,0.214444,0.746000
1000.000000,0.383111,0.574000
10.000000,0.203143,0.644000
