mu,sigma,accuracy,empError
10.000000,10.000000,0.544000,0.446000
