mu,sigma,accuracy,empError
10.000000,10.000000,0.678000,0.294222
