mu,sigma,accuracy,empError
10.000000,10.000000,0.574000,0.426000
