sigma,gama,lambda,objectiveScore,accuracy,trainingTime
100.000000,100.000000,0.001000,1187.314574,70.200000,1.861715
