sigma,gama,lambda,objectiveScore,accuracy,trainingTime
100.000000,100.000000,0.001000,1220.533379,54.200000,2.096415
