sigma,gama,lambda,objectiveScore,accuracy,trainingTime
100.000000,100.000000,0.001000,1226.455218,50.000000,2.530674
