sigma,gama,lambda,objectiveScore,accuracy,trainingTime
0.100000,0.100000,0.000001,919.013944,51.200000,24.747627
