sigma,gama,lambda,objectiveScore,accuracy,trainingTime
100.000000,100.000000,0.001000,1220.898240,58.200000,2.821406
