sigma,gama,lambda,objectiveScore,accuracy,trainingTime
100.000000,100.000000,0.001000,1222.340565,49.000000,2.712619
